date,username,tweet_stem,score lexicon,sentiment lexicon,sentiment ML
2023-07-15 11:47:52+00:00,SholikhahWiwik,kabar ruu sehat sah perhati bukti dedikasi negara kapitalisme,-1,negative,negative
2023-07-15 11:44:11+00:00,adiawae,ruu sehat memcangkup ttg obat farmasi,0,negative,positive
2023-07-15 11:26:04+00:00,kompascom,idi bantu dokter diaspora mudah indonesia ruu sehat sah,5,positive,positive
2023-07-15 11:17:24+00:00,eksporjahe,ambune osjur fh ngomongke ruu sehat,3,positive,positive
2023-07-15 10:25:28+00:00,NordickVv,dukung ruu sehat ruu idi kuasa dokter indonesia paksa kerja disingapore karna izin praktik idi pulang praktik indonesia,4,positive,positive
2023-07-15 10:15:17+00:00,duniatransit,terima kasih dokter getol kampanye ruu sehat,8,positive,positive
2023-07-15 10:12:38+00:00,iyal_sepriant0,ruu sehat sah dpr liberalisasi sektor sehat uukesehatan,6,positive,positive
2023-07-15 10:10:35+00:00,tempodotco,polemik efek ruu sehat menteri sehat nakes asing penuh syarat temponasional,12,positive,positive
2023-07-15 10:04:36+00:00,AgusSug73163688,rakyat bingung puyeng batal ruu sehat batal ruu sehat,-8,negative,positive
2023-07-15 10:01:28+00:00,rahmatsn,teriak tolak ruu sehat semangat hadir acara nasdem besok nasdem salah dukung ruu kesehatankeblinger,-1,negative,negative
2023-07-15 09:03:44+00:00,rdr_id,mba makasih reportase idi ruu sehat objektif lepas dr idi birokrasi jamin lbh drpd tang idi produksi dokter kembang,7,positive,positive
2023-07-15 09:59:19+00:00,YoYoAyo17845,purapura bloon nat khan kritik ruu omnibus law sehat pasal masalah,-13,negative,negative
2023-07-15 08:41:55+00:00,ekojhones77,kabinet beani kaki koq koalisi ama oposisi pilpres koalisi perintah jokowi nasdem keras dukung ruu sehat oposisi tolak surya paloh nasdem,-6,negative,negative
2023-07-15 08:32:03+00:00,yustweet19des22,iya tara lintah darat gilir protes ruu sehat telinga tutup lintah mata mulut salur buang bedebah wakil rakyat lahir turun lintah,-7,negative,negative
2023-07-15 08:21:39+00:00,pujatvaceh,idi langsa tolak atur ruu sehat kait dokter asing,0,negative,negative
2023-07-15 08:10:00+00:00,tanyakanrl,abis baca berita ruu sehat bingung rugi gitu,-5,negative,positive
2023-07-15 08:01:02+00:00,dailysocial,perintah sepakat dpr ri kesah ruu sehat akselerasi manfaat teknologi biomedis simak jelas biomedis,10,positive,positive
2023-07-15 07:53:29+00:00,UzumakiYuuki1,insiden ruu omnibus law sehat blok steam program pse g manfaat korupsi ugal ugalan doyan impor beras jagung persen puas,6,positive,positive
2023-07-15 07:45:02+00:00,PetunjukSehat,kemenkes alas ruu sehat bentuk tinggi biaya bidang obat,5,positive,positive
2023-07-15 03:55:47+00:00,stelkendo_ae,gitu dukung ruu sehat hapus minimum spending,4,positive,positive
2023-07-15 03:53:32+00:00,ulem_,makasih budi dkk juang ruu sehat,7,positive,positive
2023-07-15 03:49:38+00:00,Dikdok_82,segar ruu sehat sah selamat dokter moga tambah rezeki,19,positive,positive
2023-07-15 03:47:28+00:00,Yahyanovita1,paham buruk wajah karakter kelompok didik ajar indonesia nama stovia orang cerdas sabar emosi singgung ego kalah ruu sehat,-16,negative,negative
2023-07-15 03:42:15+00:00,ch_chotimah2,moeldoko dokter tolak uu sehat kantor staf presiden ksp terima aspirasi tenaga sehat tuju ruu sehat tuju ksp tuju,10,positive,positive
2023-07-15 03:31:00+00:00,Joglosepur,kastrad news pasal rugi undangundang sehat praktik farmasi tenaga nonkefarmasian obat resep oleh fasilitas ruukesehatan farmasi,-5,negative,negative
2023-07-15 03:24:31+00:00,ardan_gibran,beneran kerja lho contoh ruu sehat jalan,8,positive,positive
2023-07-15 03:16:11+00:00,NehaJoh58719703,ruu sehat lahir sistem layan sehat indonesiamaju jokowi,5,positive,positive
2023-07-15 03:16:06+00:00,nailalalitarahm,ruu sehat lahir sistem layan sehat indonesiamaju jokowi,5,positive,positive
2023-07-15 03:15:48+00:00,AndreaW32141241,ruu sehat lahir sistem layan sehat indonesiamaju jokowi,5,positive,positive
2023-07-15 03:15:23+00:00,NehaJoh58719703,ruu sehat sederhana proses didik dokter spesialis indonesiamaju jokowi,6,positive,positive
2023-07-15 03:15:19+00:00,nailalalitarahm,ruu sehat sederhana proses didik dokter spesialis indonesiamaju jokowi,6,positive,positive
2023-07-15 03:14:59+00:00,AndreaW32141241,ruu sehat sederhana proses didik dokter spesialis indonesiamaju jokowi,6,positive,positive
2023-07-15 03:04:46+00:00,Andre11418869,ruu sehat lahir sistem layan sehat indonesiamaju jokowi,5,positive,positive
2023-07-15 03:04:39+00:00,Andre11418869,ruu sehat sederhana proses didik dokter spesialis indonesiamaju jokowi,6,positive,positive
2023-07-15 03:00:04+00:00,radarbanjarmsin,tolak dpr ri kesah kesah rancang undangundang ruu sehat omnibus law uu selasa jakarta,3,positive,positive
2023-07-15 02:41:43+00:00,ngopidisorehari,mending ruu ampas aset surpresnya ruu sehat surpresnya ghaib,-1,negative,negative
2023-07-15 02:27:29+00:00,pyurheroine,ribet nakesnya anjiiiirrrr ruu sehat sah rentan profesi nakes,-5,negative,negative
2023-07-15 02:25:05+00:00,putihamidah1,ruu prt kerja rumah tangga jamin sehat ketenagakerjaan madiun nganjuk jombang mojokerto nganjukkotaangin evakusumasundari evasundari perempuanberani ruuprt,3,positive,positive
2023-07-15 02:24:43+00:00,embah72,ruu sehat anggap catat kelam dunia medis indonesia idi rakyat berita putus mata rantai mafia dunia sehat berita itu angin segar dokter baik abdi monopoli idi dokter sumpah loh,-13,negative,negative
2023-07-15 02:22:33+00:00,kaniaeri2,ruu prt kerja rumah tangga jamin sehat ketenagakerjaan madiun nganjuk jombang mojokerto nganjukkotaangin evakusumasundari evasundari perempuanberani ruuprt,3,positive,positive
2023-07-15 01:57:11+00:00,panturapost,ruu sehat sah untung,5,positive,positive
2023-07-15 01:56:54+00:00,news_wanheart,pks kan alas tolak ruu sehat pagi anies presiden ezra narnia guru bk kertajati viagra kdrt shakira viagra,3,positive,positive
2023-07-15 01:44:01+00:00,Vegetto__,nakes dukung uu sehat isi ruu ilusi omong ajar omong dollar rb ekonomi roket esemka mobnas karna dukung jilat dpt jabat,-5,negative,negative
2023-07-15 01:26:14+00:00,parlinburman84,kerja nyari makan lupa makan rajin tolak ruu sehat jaga sehat uni,0,negative,negative
2023-07-15 00:49:43+00:00,zvastika,idi organisasi dokter sj dukung ruu sehat soekarno pimpin romusha,10,positive,positive
2023-07-15 00:31:43+00:00,OposisiCerdas,pks kan alas tolak ruu sehat,-1,negative,negative
2023-07-15 00:15:35+00:00,gtobing2903,pagi buka tweets izin tanggap d dunia ruu sehat setlh baca salin trnyt kelam pelintir sertifikat tenaga medis dr profesi dr lembaga kemenkes kemendikbud dr dl idi respek,-3,negative,negative
2023-07-15 00:03:57+00:00,Godam062,dokter priono rujuk ruu sehat,3,positive,positive
2023-07-14 23:25:06+00:00,Alamalika,pelan negeri caplok china narasi video hutang infrastruktur obor turn key projects tenaga sehat ruu sehat bahas hr nakes china pelosok indonesia,-1,negative,negative
2023-07-14 23:18:42+00:00,DokFun,kualitas kesah ruu sehat ngebut ferari ruu ampas aset biar jalan siput heuheuheu,4,positive,positive
2023-07-14 23:17:53+00:00,Yahyanovita1,lawan trio ubur ubur keok rakyat dukung nakes bukti komentar rakyat pro ruu sehat percaya rakyat hasil bubar politik,3,positive,positive
2023-07-14 22:54:38+00:00,RicKY_KCh,sulit terima akal sehat ekonomi tekan pandemi alokasi apbn infrastruktur banding anggar sehat proyek infrasruktur utama nasib rakyat abai demokratproperubahan ruukesehatan,1,positive,positive
2023-07-14 22:22:22+00:00,FR33D0ML4ND2_,dprdewan bantai rakyat dprri pimpin puan maharani aku cucu proklamator sukarno heroik patriotik bela penting pki oligarki kesah ruu sehat hati nurani rakyatcabutmandatjokowi rakyatcabutmandatjokowi,0,negative,negative
2023-07-14 22:20:34+00:00,AscMalike,tertawa menang karna sah ruu sehat,7,positive,positive
2023-07-14 22:00:05+00:00,TriziMeka,health all urgensi politik sehat islam catat agenda transformasi ruu sehat,9,positive,positive
2023-07-14 21:50:24+00:00,Yahyanovita1,takut nakes tidak jelas nasib sahkan ruu sehat takut negara bangkrut venezuela ekonomi negara hitung hitung krismon,-13,negative,negative
2023-07-14 21:28:51+00:00,barret_blue,siapsiapruu omnibus law sehat lolos undangundang capres jabat berani lawan tolak uu ham demokrasi dunia bawah perintah new world ordersatanic united nations pbb,-12,negative,negative
2023-07-14 21:26:16+00:00,PKSCibitung,tolak ruu sehat orenkeren,-1,negative,negative
2023-07-14 21:10:34+00:00,AhmadAr34758311,demokrat pks tuju ruu sehat gx dukung rakyat,6,positive,positive
2023-07-14 20:05:18+00:00,MDH__SNA,dpr sahkan ruu sehat undang undang selamat rakyat barang dagang cetak uang oligarki rakyat daya paksa tidur begal tamu jam sunyi bicara versi upgrade kotak suara pakai kotak kardus milu kosong,-8,negative,negative
2023-07-14 19:44:17+00:00,AzamJavas,gila dpr perintah gila bener kaya utang ugalugalanpantes suruh lengser dpr adem ayem mutuskan ruu kesehatansetan semuaiblis,-8,negative,negative
2023-07-14 19:14:42+00:00,DrEvaChaniago,kritisi kesah ruu sehat amat bijak publik sistem sehat nasional rawan bajak milik modal jakarta amat bijak publik upn veteran jakarta achmad nur hidayat nilai kesah ruu sehat uu sehat,14,positive,positive
2023-07-14 18:46:31+00:00,terangxgelap,tau ruu sehat hakkewajiban larang situ tulis wabah orang tolak vaksin vaksin berkalikali vaksin berkalikali tanggulang wabah putus jabat perintah,-21,negative,negative
2023-07-14 14:21:33+00:00,JazuliJuwaini,jazuli juwaini beber alas fraksi pks tolak ruu sehat,0,negative,negative
2023-07-14 14:19:42+00:00,JazuliJuwaini,fraksi pks tolak ruu sehat pihak rakyat hari terbit,-4,negative,negative
2023-07-14 14:18:54+00:00,JazuliJuwaini,fraksi pks dpr ri kan alas tolak ruu sehat pihak rakyat,-4,negative,negative
2023-07-14 14:16:29+00:00,G0P4NK_G0P4NG_7,selamat nikmat rakyat indonesia sah ruu sehat uu sehat,14,positive,positive
2023-07-14 14:13:51+00:00,nanodpu,pokok permasalahn ruu sehat sebenernya pangkas masyarakat salah meng highlight idi masalah tutup,-7,negative,negative
2023-07-14 14:13:18+00:00,Hasbil_Lbs,mas tum wartawan hadir taman politik dpp malam pidato politik ahy salah satu kait ruu sehat demokrat tolak poin utama hapus mandatory spending ruu sehat,-3,negative,negative
2023-07-14 14:11:50+00:00,wahyuhe6266,logo partai parati tolak ruu sehat orenkeren,-1,negative,negative
2023-07-14 14:11:16+00:00,flveea,orangorang demo ruu kpk rkuhp ruu cilaka ruu sehat didengerin konflik agraria korban bencana alam kelola alam amburadul dimanamana dipeduliin,-12,negative,negative
2023-07-14 14:06:04+00:00,Penjagajokowi1,harap kurang dokter cepat kurang spesialis cepat arah putus kesah ruu sehat bahas rapat paripurna gelar dpr ri siang selasa juli,1,positive,positive
2023-07-14 14:04:24+00:00,Penjagajokowi1,presiden joko widodo harap rancang undangundang ruu sehat baik reformasi bidang layan sehat tanah air,10,positive,positive
2023-07-14 14:01:05+00:00,AgusSug73163688,batalksn ruu sehat obl ttpstwittercomdrevachaniagostatustrhosvmezobekpkqclqqamp s,3,positive,positive
2023-07-14 13:52:59+00:00,MasUchiha_,pasal ayat ruu sehat bpjs wajib terima kerjasama faskes swasta izin bpjs negosiasi swasta wajib terima rs fraud bpjs tindak adany pasal,-8,negative,negative
2023-07-14 13:52:56+00:00,MasUchiha_,pasal ruu sehat bpjs tanggung kpd presiden menteri celah intervensi kemenkes kait regulasi iur kpd sistem bpjs sehat khawatir bpjs independen sbg badan,-10,negative,positive
2023-07-14 13:52:53+00:00,MasUchiha_,sengkarut tolak ruu sehat serama tolak uu ciptaker dampak lemah organisasi profesi hapus mandatory spending ubah pasal kait bpjs sehat,-7,negative,negative
2023-07-14 13:52:50+00:00,MasUchiha_,uu sehat sah nasib bpjs sehat luar pusar tren anies begal andara aldebaran tahu nasib bpjs sehat riuh kemarin ruu sehat sah cekidot,5,positive,positive
2023-07-14 13:45:36+00:00,kumparan,ruu sehat omnibus law sah undang undang rapat paripurna dpr selasa putus saham emiten rumah sakit kuat bisnisupdate update bisnis carousel,4,positive,negative
2023-07-14 13:44:15+00:00,bumperorange,naskah ruu sehat tolak ruu sehat sah undangundang tolakruukes ruukesehatanyangmematikan,2,positive,positive
2023-07-14 13:40:19+00:00,PhilosophersWis,kejar periode jokowi ruu gagal lolos baik kualitas sehat indonesia,-2,negative,negative
2023-07-14 13:37:38+00:00,yupiieecandyy,ruu sehat bentuk omnibus law bahas detail teliti sat set sat set kejarkejaran si tolakruukes,11,positive,positive
2023-07-14 13:37:20+00:00,pkstaposdepok,alas pks tolak kesah ruu sehat pkspembelarakyat,1,positive,positive
2023-07-14 13:35:42+00:00,SSasongkodjatie,full kontroversi ruu sehat menkes anti idi ros,-3,negative,negative
2023-07-14 13:33:00+00:00,AdolfElvis,ahy alas demokrat tolak ruu sehat persisi kesah uu cipta kerja pidatopolitikahy demokrat ubah baik,5,positive,positive
2023-07-14 13:30:20+00:00,tilehopper,live now bahas hollywood mogok ruu sehat putus xboxactivision nembak mati begal budaya aneh dokter anestesi,-5,negative,negative
2023-07-14 13:22:42+00:00,volkno_choi,tuhan harap hati mata telinga buka ngesahin ruukesehatan minggu isi lho terima tolakruukesehatan,0,negative,negative
2023-07-14 13:17:30+00:00,NgawiDemokrat,hy alas demokrat tolak ruu sehat persisi kesah uu cipta kerja pidatopolitikahy demokrat ubah baik,6,positive,positive
2023-07-14 13:16:58+00:00,NgawiDemokrat,ahy alas demokrat tolak ruu sehat persisi kesah uu cipta kerja pidatopolitikahy demokrat ubah baik,5,positive,positive
2023-07-14 13:04:54+00:00,Demokrat_TV,demokrat tolak kesah ruu sehat ahy indikasi liberalisasi tenaga kesehatanmedis asing pidatopolitikahy demokrat ubah baik,6,positive,positive
2023-07-14 13:04:09+00:00,del_paijo,kader cantik sayang bijak partai cantik rakyat dukung uu kontroversial uu ciptaker uu ikn baru ruu sehat jgn dilaporin lho ane rakyat brpendapat,2,positive,negative
2023-07-14 13:03:28+00:00,macanutara_,demokrat tolak kesah ruu sehat ahy indikasi liberalisasi tenaga kesehatanmedis asing pidatopolitikahy demokrat ubah baik,6,positive,positive
2023-07-14 12:46:29+00:00,prohealthid,uu sehat susul organisasi profesi koalisi kendali zat adiktif gelar demo kemenkes aksi koalisi kendali tembakau gugat ruukesehatanmematikan ruukesehatan,0,negative,negative
2023-07-14 12:33:54+00:00,KunNadzir,mbahas ruu sehat ae,3,positive,positive
2023-07-14 12:21:19+00:00,adri_7i,fraksi tolak ruu sehat menjad uu ruu ampas aset gimna tumpuk meja sahkanruuperampasanaset,-8,negative,negative
2023-07-14 12:19:50+00:00,Abah669,ngerti ruu jadi biaya sehat mafia obat hilangyah alhamdulillah,-1,negative,negative
2023-07-14 12:15:43+00:00,surodilagan,sikap politik hrs logis dukung juang tolak ruu sehat partai politik aspirasi diakomodir pilih parpol dukung kesah uu setan sehat nasional bkn politik pilih rasional,3,positive,negative
2023-07-14 12:08:27+00:00,wwingko,kangen dogyusssss butuh asupan cogil pusing huru hara ruu sehat disahin,-6,negative,negative
2023-07-14 12:02:23+00:00,prohealthid,pb idi junior doctors network indonesia ketua umum ketua jdn indonesia doktermuda juniordoctors ruukesehatan,-3,negative,negative
2023-07-14 11:58:11+00:00,Ndoro68295960,wanita kafir fitnah ulama muslim nanggokisu ruu sehat bawa agenda hoax vaksin slama sebarinmasih percaya ama kafir fitnah buih sbagai muslim,-3,negative,negative
2023-07-14 11:42:18+00:00,DtkMhsiswaHukum,follow lupa nyalain bel tag share teman saran putar hukum terimakasih detikmahasiswahukum ruukesehatan undangundang omnibuslaw belajarhukum hukumnasional,2,positive,negative
2023-07-14 11:42:04+00:00,DtkMhsiswaHukum,halo sobat justitia kesah ruu sehat omnibus law tuai polemik tolak profesi sehat pasal alas tolak ruu simak infografis tunggu tulis,-3,negative,negative
2023-07-14 11:26:37+00:00,p4piKRiS,mumpung hot rame omnibus ruu sehat kbtulan stetmen septian pas gambarin kondisi sempat kerja,3,positive,positive
2023-07-14 11:25:28+00:00,AikHoki,haters panggil tim rumus ruukesehatan enak haters job,-14,negative,negative
2023-07-14 11:21:59+00:00,abdulbf,farmasi organisasi kritik dukung ruu sehat obl kritik harga seminar ada moga berani kritik,0,negative,negative
2023-07-14 11:19:18+00:00,KeshaMei,ruu sehat bagus,1,positive,positive
2023-07-14 11:06:54+00:00,Nurulkjo1,hasil ruu sehat,6,positive,positive
2023-07-14 11:01:55+00:00,IdChannel9,idi putus laku mogok nasional surat edar organisasi sebut laku judicial review idi mogoknasional judicialreview ruukesehatan,-2,negative,negative
2023-07-14 10:38:03+00:00,PRFMnews,download ruu sehat sah uu dpr isi atur dalam,3,positive,positive
2023-07-14 10:30:12+00:00,FMB9ID_,jalan rancang undangundang sehat sah dpr benah infografis fmb ruukesehatandisahkan ruukesehatan transformasikesehatan,3,positive,positive
2023-07-14 10:12:18+00:00,asykad,bahas analisis data ajar excel ajar baca jurnal diskusi ruu sehat gizi,4,positive,positive
2023-07-14 10:03:33+00:00,metroonlinentt,nakes sah dpr tuju ruu sehat undangundang isi,-1,negative,negative
2023-07-14 09:57:13+00:00,AlfathMelfas,tenggelam partai dukung ruu sehat,7,positive,positive
2023-07-14 09:47:28+00:00,eryalia,ruu sehat sah,3,positive,positive
2023-07-14 09:40:40+00:00,theluckiestboy,kalah ruu sehat sat set sat set masyarakat duku ruu ampas aset,-4,negative,negative
2023-07-14 09:31:30+00:00,firstindomagz,dewan wakil rakyat dpr sepakat tuju ruu sehat undangundang selasa kemarin lengkap,2,positive,positive
2023-07-14 09:21:02+00:00,AikHoki,ruu sehat acc tho dumbnah eksekusi melipir pura bego ruukesehatan ruukesehatanantikedaulatan ruukesehatandenasionalisasi ruukesehatanantisoekarno,3,positive,positive
2023-07-14 09:00:21+00:00,PKSejahtera,alas krusial pks tolak ruu sehat uu salah satu sentralitas perintah ruu sehat sentralistis tangan perintah mangkas norma strategis mesti muat undangundang,-4,negative,negative
2023-07-14 08:54:34+00:00,KAMID33323658,ruu sehat tolak nakes sesuai citacita merdeka indonesia batal lindung segenap warga negara indonesia,3,positive,negative
2023-07-14 08:44:13+00:00,WuryantoRagil,menang blom sah bombastis program menang parlemen kasih gagas undang undang ruu sehat bentukanya kyk undang undang mo ubah atur bpjs gratis niat gratis layan sehat syarat,17,positive,positive
2023-07-14 08:30:00+00:00,CNNIndonesia,dpr kesah omnibus law ruu sehat uu selasa kesah tuai tolak nakes akademisi sehat infografis cnnindonesia,6,positive,positive
2023-07-14 08:28:31+00:00,zhaqs,ruu sehat kemaren kabar sok naik gaji pns,3,positive,positive
2023-07-14 08:00:44+00:00,AdWid,iya saham silo heal pasca sah ruu sehat markicek,3,positive,positive
2023-07-14 07:52:10+00:00,AikHoki,profesi kelola jaman bahalahahahabego dukung ruukesehatan pasal jamak dokternakes,-2,negative,negative
2023-07-14 07:49:13+00:00,tnozpgc,ruu sehat cakup baik bidang sehat pksbersamanakes tolakruukesehatan,8,positive,positive
2023-07-14 07:47:03+00:00,tnozpgc,hilang mandatory spending ruu sehat mundur pksbersamanakes tolakruukesehatan,2,positive,positive
2023-07-14 07:44:45+00:00,tnozpgc,fraksi pks dpr ri tolak ruu sehat pksbersamanakes tolakruukesehatan,-1,negative,negative
2023-07-14 07:41:42+00:00,blank0429,woiii cepat kabur ajak diskusi ruu sehat cepetan umpetin draftnya batalkanuukesehatan,2,positive,positive
2023-07-14 07:33:47+00:00,Jabar24Jam,kait pengesahaan ruu sehat idi organisasi nakes aju materi uu sehat mk,7,positive,positive
2023-07-14 07:26:54+00:00,IrzantoYunda,jumat ruu sehat ketok palu draft resmi edar rahasia ruu sehat masyarakat negara demokrasi tolakruukesehatan,13,positive,positive
2023-07-14 07:14:29+00:00,WahyuSeptianHS,tegak lurus jokowi ngikutin ruu sehat,5,positive,positive
2023-07-14 07:10:22+00:00,news_wanheart,ruu sehat sah muslim arbi dokter china banjir indonesia pagiii anies tembak bobby israelis lgbt polisi viagra insidious gojo bpjs rivan uu sehat official mv gara gara timezone,-4,negative,negative
2023-07-14 07:05:57+00:00,lutfithe13th,dokter nakes mogok sikap kesah ruu sehat mnempuh judicial review uu harap duduk organisasi profesi tunggal negara maju uk jerman perancis tiga negara tsb dokter demo mogok kerja,-1,negative,negative
2023-07-14 07:05:07+00:00,ahmat_relis,jgn diskusi bun ruu sehat sah uu batal uu mesti duduk gedung dprmpr,-5,negative,negative
2023-07-14 07:00:54+00:00,tribunnews,anggota komisi ix dpr fraksi pan saleh partaonan daulay respons hilang frasa bpjs sehat undangundang uu sehat hapus istilah bpjs sehat tarik perhati lantar draft ruu sehat istilah bpjs tera ld,13,positive,positive
2023-07-14 06:45:02+00:00,Dipoett,ruu sehat wakanda hahahaha kocak emg tikus pd lawak,0,negative,negative
2023-07-14 06:30:00+00:00,Ganjaran_app,keren program keren jga sosok pimpin apresiasi bawah jdi bawah harga motivasi lgi ganjaranapp ganjarpresiden ruukesehatan polisi,3,positive,positive
2023-07-14 06:40:20+00:00,rakcerid,zainal orasi aksi unjuk tolak ruu sehat gedung dpr ri ros tuduh zainal uu sehat orasi zainal advokasi provokasi sebar hoax ros,-3,negative,negative
2023-07-14 06:27:45+00:00,rudi_kadarisman,ketua tolak ruu sehat partaidemokrat demokratsp ahy,-1,negative,negative
2023-07-14 06:14:40+00:00,21_mozza,uukesehatan omnibuslaw pesan oligarki heran tum dewan penghianat rakyat nafsu sah ruukesehatan pikir rakyat bodoh tindak,-4,negative,negative
2023-07-14 06:04:21+00:00,RickyFight,era sby resmi bpjs sehat bpjs ketenagakerjaan luncur program jamin sehat nasional jkn balik banding sah ruu sehat tuai polemik aniesahy rkybanten rickyfightback,6,positive,positive
2023-07-14 06:03:37+00:00,MudiBanten,era sby resmi bpjs sehat bpjs ketenagakerjaan luncur program jamin sehat nasional jkn balik banding sah ruu sehat tuai polemik,6,positive,positive
2023-07-14 06:02:40+00:00,ratnadewi1392,hoax ros segitunya ketua idi maksa tolak ruu sehat sikap ketua idi ruu,-12,negative,negative
2023-07-14 06:00:01+00:00,Ganjaran_app,cobacoba korupsi sikat ganjaranapp ganjarpresiden presiden milu ganjarcapres pilpres ganjaruntukindonesia korupsi pungli jawatengah polisi lgbt ruukesehatan thailand kakashi garagaratimezone,-5,negative,negative
2023-07-14 05:58:26+00:00,DrEvaChaniago,utas sehat perkosa rakyat daya ruu sehat turun layan sehat ancam tahan satu bangsa profesor percaya kuat moral sungguh kuasa kalah akal sehat,18,positive,positive
2023-07-14 05:54:48+00:00,Indopolitika,apresiasi ruu sehat sah uu dpd imm dki jakarta bukti dpr kerja rakyat,2,positive,positive
2023-07-14 05:52:26+00:00,DrEvaChaniago,utas sehat perkosa rakyat daya ruu sehat turun layan sehat ancam tahan satu bangsa profesor percaya kuat moral sungguh kuasa kalah akal sehat,18,positive,positive
2023-07-14 05:41:23+00:00,ZainalM_Prof,diskusi publik kesah uu sehat sakit cabut uu sehat omnibuslaw rapat paripurna dpr ri putus kesah rancang undangundang ruu sehat undangundang uu sehat sidang paripurna dpr ri sidang,0,negative,negative
2023-07-14 05:40:45+00:00,agungsaptaadi,diskusi publik kesah uu sehat sakit cabut uu sehat omnibuslaw rapat paripurna dpr ri putus kesah rancang undangundang ruu sehat undangundang uu sehat sidang paripurna dpr ri sidang,0,negative,negative
2023-07-14 05:39:05+00:00,qhucinq,ruu sehat sah bagus menkes,1,positive,positive
2023-07-14 05:39:03+00:00,EvaSriDiana_Dr,diskusi publik kesah uu sehat sakit cabut uu sehat omnibuslaw rapat paripurna dpr ri putus kesah rancang undangundang ruu sehat undangundang uu sehat sidang paripurna dpr ri sidang,0,negative,negative
2023-07-14 05:36:52+00:00,DrEvaChaniago,diskusi publik kesah uu sehat sakit cabut uu sehat omnibuslaw rapat paripurna dpr ri putus kesah rancang undangundang ruu sehat undangundang uu sehat sidang paripurna dpr ri sidang,0,negative,negative
2023-07-14 05:32:42+00:00,rahma__aini,ruu sehat sederhana birokrasi,1,positive,positive
2023-07-14 05:32:17+00:00,aldibndro,halah biogenetik ruu sehat izin dokter mudah izin praktik dokter biar bnyk dokter daerah,-9,negative,negative
2023-07-14 05:31:04+00:00,ratnawulan941,ruu sehat sederhana birokrasi,1,positive,positive
2023-07-14 05:30:54+00:00,DrEvaChaniago,utas sehat perkosa rakyat daya ruu sehat turun layan sehat ancam tahan satu bangsa profesor percaya kuat moral sungguh kuasa kalah akal sehat,18,positive,positive
2023-07-14 05:29:44+00:00,warta_cirebon,issue al zaitun tutup ruu sehat paham,1,positive,positive
2023-07-14 05:28:21+00:00,FukusimaX,dog attack lepas kandang ruu sehat sah uu akun bodoh bela bobrok organisasi profesi,-1,negative,negative
2023-07-14 05:15:57+00:00,biohazzardouz,bayar kemenkes dpr endorse ruu sehat,1,positive,positive
2023-07-14 05:10:45+00:00,DrEvaChaniago,utas sehat perkosa rakyat daya ruu sehat turun layan sehat ancam tahan satu bangsa profesor percaya kuat moral sungguh kuasa kalah akal sehat,18,positive,positive
2023-07-14 04:59:00+00:00,golkarpedia,kesah ruu sehat melki laka lena regulasi komprehensif bidang sehat airlanggahartarto kuningkeren sayagolkar partaigolkar golkarpedia,8,positive,positive
2023-07-14 04:57:33+00:00,Catatan_ali7,bohong ruu sehat berani tanggung data dna bocor jatuh ketang asing,-13,negative,negative
2023-07-14 04:56:55+00:00,DrEvaChaniago,utas sehat perkosa rakyat daya ruu sehat turun layan sehat ancam tahan satu bangsa profesor percaya kuat moral sungguh kuasa kalah akal sehat,18,positive,positive
2023-07-14 04:43:47+00:00,geloraco,anggota dpr absen kesah ruu sehat rocky gerung tanda serius,-8,negative,negative
2023-07-14 04:33:16+00:00,CMahamutar83253,ahy alas demokrat tolak ruu sehat persisi kesah uu cipta kerja,3,positive,negative
2023-07-14 04:30:00+00:00,Ganjaran_app,laporgub aplikasi jalan cantik program masyarakat keluh direspon maksimal x jam ganjaranapp ganjarpresiden milu pilpres ganjaruntukindonesia jawatengah laporgub ganjarmerakyat ruukesehatan polisi,-3,negative,negative
2023-07-14 04:19:46+00:00,StockreviewI,ruu sehat sah pasar gerak positif saham emiten sektor sehat alami naik signifikan ruu sehat sah ruukesehatan saham sehat silo sido prda stockreviewid website,14,positive,positive
2023-07-14 04:11:45+00:00,iebntrac,prank ojol dapet bonus gojo smtown padang ruu sehat jumat ggmu btsanjing mufc,8,positive,positive
2023-07-14 04:04:29+00:00,Lattov,selamat juang lawan ruu sehat dok tabe,12,positive,positive
2023-07-14 04:03:18+00:00,ecosocrights,dokter dukung ruu sehat pikir mrk menang tarung mrk sdg gali lubang,-1,negative,negative
2023-07-14 03:59:47+00:00,hariini2023,isi ruu sehat tentang nakes,-1,negative,negative
2023-07-14 03:52:34+00:00,PolaPoli_id,yayasan lembaga konsumen indonesia ylki kritik kesah ruu sehat uukesehatan ruukesehatan polapoli polapolitikgayabaru beritaterkini,-3,negative,negative
2023-07-14 03:52:31+00:00,PolaPoli_id,fraksi partai demokrat pks satusatunya tolak kesah ruu sehat proses kesah bijak lepas protes asal organisasi profesi indonesia,1,positive,positive
2023-07-14 03:52:30+00:00,PolaPoli_id,mayoritas fraksi dpr dukung kesah ruu sehat fraksifraksi tuju pdip golkar gerindra pkb ppp pan fraksi nasdem terima kesah catat kait keluar wajib,8,positive,positive
2023-07-14 03:52:27+00:00,PolaPoli_id,polapoli bagibagi berita lanjutgt gedung dpr pda hri organisasi profesi sehat dokter tenaga medis gelar demonstrasi tolak kesah ruu sehat,5,positive,positive
2023-07-14 03:52:25+00:00,PolaPoli_id,selasa dpr resmi tuju omnibus law ruu sehat undangundang putus ambil rapat paripurna dpr sidang v sidang,-8,negative,negative
2023-07-14 03:37:22+00:00,spiritualist_m,daftar anggota dpr kesah ruu uu omnibus sehat pilih,-2,negative,negative
2023-07-14 03:34:43+00:00,filiaguzel,kesah rancang undangundang ruu sehat undangundang sehat selasa juli ramai kritik masyarakat tenaga sehat,7,positive,positive
2023-07-14 03:08:13+00:00,suaraislamID_,ruu sehat sah babak derita rakyat,-6,negative,negative
2023-07-14 03:09:33+00:00,aktualofficial,amat nakes mogok kerja kesah ruu sehat relevan,6,positive,positive
2023-07-14 03:27:12+00:00,parlinburman84,membrane bakar ilham ahli beliau pakai membrane bakar fosroc beliau tangan proyek apartement nama ruu sehat ramai sosok ilham main bidang jasa ilham s marketing,2,positive,positive
2023-07-14 03:00:50+00:00,BEMFKMUI,aliansi ruu sehat bem seui bem ikm fkui bem ui bem im fkm ui bem fik ui bem fkg ui bem ff ui bem fisip ui bem fib ui,0,negative,negative
2023-07-14 03:00:43+00:00,BEMFKMUI,ironis nasib pahit terima masyarakat indonesia sah ruu sehat dewan wakil rakyat republik indonesia dpr ri selasa juli,-1,negative,negative
2023-07-14 03:00:39+00:00,BEMFKMUI,rilis sikap aliansi ruu sehat bem seui kesah ruu sehat ruu sehat sehat halo fkm diskursus problematika rancang undangundang sehat ruu sehat gulir,20,positive,positive
2023-07-14 03:00:00+00:00,CNNIndonesia,dpr resmi kesah ruu sehat undangundang selasa kesah uu timbul tolak poin kontroversial alas tolak uu sehat cnnindonesia,3,positive,positive
2023-07-14 02:39:05+00:00,Avolanza,surat kabar judul berita negara potensi lepas tangan sinyalir akibat kesah ruu sehat efek hilang mandatory spending sehat apbnpapbdp rancang gelontor,7,positive,positive
2023-07-14 02:35:11+00:00,ngomonginduit,anw prda tahun seru swing santai strategi tetep masuk pas low jual pas high karna ruu sehat kaya seru trading saham saham sehat rencana minggu depan liatin market,10,positive,positive
2023-07-14 02:33:08+00:00,ngomonginduit,kesah ruu sehat imbas saham sektor sehat prda modal masuk prda kemarin pas dividen sempet turun bener lepas ex date dividen nutup rugi saham keep uda modal,-6,negative,negative
2023-07-14 02:27:29+00:00,apamauludah,masuk kubur pro kontra ruu sehat,0,negative,positive
2023-07-14 02:26:25+00:00,oki35028020,tambah ruu omnimbus law sehat bpjs rsud rumah sakit pake bpjs,4,positive,positive
2023-07-14 01:44:06+00:00,bungfarid,bpjs gratis bilang halusinasi pantes ruu sehat gampang cepet sah,8,positive,positive
2023-07-14 01:42:16+00:00,Yahyanovita1,isu penting rakyat liberalisasi kapitalisme privatisasi sektor sehat pengaruh juta orang kemenkes strategi ukur menjawap tantang sahkan ruu sehat poin,8,positive,positive
2023-07-14 01:40:19+00:00,21_mozza,puan maharani tum dpr ri partai banteng ketok palu kesah ruu sehat uu sehat pesan oligarki lihat bullshit bpjs rakyatcabutmandatjokowi rakyatcabutmandatjokowi,7,positive,positive
2023-07-14 01:37:23+00:00,posaktualcom,anggota dpr absen kesah ruu sehat rocky gerung tanda serius,-8,negative,negative
2023-07-14 01:32:37+00:00,Kalki20685842,kayak kerjasama dokter orang hukum argumentasi tolak ruu sehat edukasi masyarakat masyarakat dengar berita mainstream notabene ikut dukung perintah tolak,-9,negative,negative
2023-07-14 01:21:17+00:00,dr_koko28,tetap ruu sehat uu sehat isu bukti isu fakta isu bubar fakta perintah uupemerintahparlemen langkah bubar organisasi organisasi tua,3,positive,positive
2023-07-14 01:20:13+00:00,Syapran_s,tag partai twitter pdip blokir lolos ruu sehat bukti anggota wakil partai rakyat jual politik,-10,negative,negative
2023-07-14 01:11:26+00:00,cutsarah,ruu sehat sah ketua dpr hak tenaga sehat hilang uu sehat uukesehatan healthequity sagstrike indonesiaviral transformation,11,positive,positive
2023-07-14 01:10:40+00:00,panca66,bidan pb ibi terima kasih mas juang dukung menetang ruu sehat omnibus law kalah,6,positive,positive
2023-07-14 01:03:44+00:00,siregar_najeges,sayaga faham ruu kesehatanyg org medan pny uang sakit kabur penangdgn alas tangan sana lbh n cepatdan rs welcome konsultasi dokter nya psy bnyk faham mksd,1,positive,positive
2023-07-14 01:01:00+00:00,DanunMuseLim,nakes umur hidup diacc ruu sehat sah bahaya ntr dokter kompeten mas praktek,-2,negative,negative
2023-07-14 00:59:53+00:00,3lzh4s,kesah ruu sehat tingkat lindung nakes undangundang tegakkanhukum kpkri,10,positive,positive
2023-07-14 00:53:08+00:00,Gungun20870870,rakyat rakyat jelata pks demokrat tolak ruu sehat bearti rancang benar pks demokrat tuju bearti rancang salah ada partai salah,-16,negative,negative
2023-07-14 00:47:39+00:00,dokdevbks,guru kumpul ratus suara prihatin ruu sehat wakil rakyat tuli dengar sedikit wakil rakyat,1,positive,positive
2023-07-14 00:41:06+00:00,kalbar_news,kalbar news ketok palu ruu sehat sah undangundan,3,positive,positive
2023-07-14 00:35:02+00:00,BeautynesiaID,ruu sehat resmi sah jalan poinpoin kontroversial protes nakes,2,positive,positive
2023-07-14 00:34:48+00:00,Yahyanovita1,buka masuk sistem sehat pilpres amat rejim niat ikhlas rakyat sahkan ruu sehat ubah buruk,2,positive,positive
2023-07-14 00:34:08+00:00,polhukamid_,anggota dpr absen kesah ruu sehat rocky gerung tanda serius,-8,negative,negative
2023-07-14 00:31:26+00:00,Yahyanovita1,buka masuk sistem sehat pilpres rejim niat ikhlas rakyat amat sistem ruu sehat sahkan ubah,3,positive,positive
2023-07-14 00:18:45+00:00,TomJerry29774,rapat paripurna dpr ri putus kesah ruu sehat uu sehat sidang paripurna dpr ri sidang v sidang selasa,0,negative,negative
2023-07-14 00:16:45+00:00,TomJerry29774,kritisi perhati bijak publik dr rini syafri kesah ruu sehat bukti dedikasi negara penting politik sehat kapitalisme flashnews,2,positive,positive
2023-07-14 00:16:31+00:00,TomJerry29774,dpr resmi kesah ruu sehat uu menteri sehat budi gunadi sadikin nilai kesah uu berkah musibah baca ruu sehat sah perhati bukti dedikasi negara kapitalisme,18,positive,positive
2023-07-14 00:08:10+00:00,rifanpermana27,heran ruu sehat sah psi diem ajapdhl sah mandatory sehat dlm guna apbn smakin sm skalimaka bpjs gratis sirnasdh fraksi pks dpr rugi sah uu sehat trsebut,9,positive,positive
2023-07-14 00:06:01+00:00,DIHYAHDAFFA,tenggelam partai pro ruu sehat,3,positive,positive
2023-07-14 00:02:04+00:00,Yahyanovita1,dukung rejim buka jebak ruu sehat tugas pro ruu sehat bukti ruu sehat manfaat rakyat bpjs amat pilpres pilih,16,positive,positive
2023-07-13 23:57:45+00:00,Avolanza,uu sehat gadang apik aspek bisnis tolakruukesehatanomnibuslaw tolakruukesehatan pantes cepat indah majority nakes masyarakat tolak akan ruu tsb wajib,-8,negative,negative
2023-07-13 23:56:38+00:00,idtodayco,anggota dpr absen kesah ruu sehat rocky gerung tanda serius,-8,negative,negative
2023-07-13 23:51:49+00:00,ade_rusmaya,hhhalzaytun trus exposejis malu klh telakhhh balik smua ruu sehat disahkn mnjdi uuknpa bkin uu sllu dipaksakn komunis lgi uu tuk selamat yv knpa sllu kontroversiatw emg krna komunis goblok hhh,-3,negative,negative
2023-07-13 23:20:48+00:00,Anang_ssanto,counter berita ruu sehat sahkan perintah,-1,negative,negative
2023-07-13 22:55:50+00:00,sekar_epku,ruu sehat tolak f pks f demokrat lantas ubah buat,0,negative,negative
2023-07-13 22:51:14+00:00,SatuhatiKopi,bongkar covidplan ruukesehatan mentah,-3,negative,negative
2023-07-13 22:51:05+00:00,drh_GDPutra,dua akan dukung independen susah bilang tim kelompok kerja blablabla ruu sehat teliti conflict of interest mesti tulis biar sial kayak,-18,negative,negative
2023-07-13 22:49:03+00:00,100_berries,makasii teman ngewibu kemarin yesterday was great ken cerita kayak kemarin jaga sehat yaa lupa sarap,2,positive,positive
2023-07-13 22:02:09+00:00,SatuhatiKopi,tisik suap kitar ruu sehat,1,positive,positive
2023-07-13 21:56:54+00:00,tikatikotiki,ruu sehat disahin saham industri sehat cuan si neng saham salah usaha sehat dipikirpikir liat ruu sehat,10,positive,positive
2023-07-13 20:15:29+00:00,Elsa_281099,anggar sehat trmsuk nanggung bpjs msyarkt ruu kshtn gada anggar kshtannya ntar bpjs kshtn warga miskin tanggung ato subsidi pmerntah gmna dongapa warga miskin blh sakit kitasemuabingung,-8,negative,positive
2023-07-13 19:50:53+00:00,Lopian_,nakes bilang duka gegara ruu sehat sah nakes duka negara cinta usaha rakyat tolakruukesehatan,-3,negative,negative
2023-07-13 18:43:19+00:00,DrEvaChaniago,publik ruu sehat skenario penting investor penting rakyat sumber media mainstream media abalabal investasi asing minim kadin usul bentuk omnibus law sehat,1,positive,positive
2023-07-13 18:38:57+00:00,Concrete_buster,tolol ruu sehat patok janji kampanye kemenkes nagih janji kampanye jawab dinkes daerah bawah pemda presiden nagih kepala daerah otonomi,5,positive,positive
2023-07-13 18:34:03+00:00,DrEvaChaniago,ruu sehat ancam tahan tahan bangsa profesor percaya kuat moral sungguh kuasa kalah akal sehat batalkanuukesehatan batalkanuukesehatan,7,positive,positive
2023-07-13 18:12:49+00:00,ViantAntony,tolak ruu sehat n koalisi ubah menang kontestan pilres anis presiden,1,positive,positive
2023-07-13 17:41:41+00:00,ibnupratama2000,tolak praktisi sehat ruu sehat nilai janggal sahkan dpr negara sengaja kachau,1,positive,positive
2023-07-13 17:33:45+00:00,terangxgelap,ruu sehat sah indonesia sandera misi tangantangan jahat salah satu hancur tubuh orang rusak organorgan darah merekadengan sunti drama wabahpandemi,-9,negative,negative
2023-07-13 17:25:38+00:00,rizapasha_,ribut ruu sehat basicbasic baik mandatory spending ribut benah dasar,5,positive,positive
2023-07-13 17:17:51+00:00,qdewangga_,ruu sehat sah jafi uu kuat prediksi tinggal nunggu bentar beneran rame,6,positive,positive
2023-07-13 17:10:47+00:00,ususetiawan,mbak bel ruu sehat sahkan mbak manusia jasa negeri serasa pegang kunci bijak tahun taun doi sadar trus guru senior,3,positive,positive
2023-07-13 15:15:57+00:00,ErsatArema021,anggar sehat hapus bgmn bpjs gratis dukung ruu sehat,14,positive,positive
2023-07-13 15:08:39+00:00,Muhamma75950166,bahas ruu sehat dok,9,positive,positive
2023-07-13 14:49:19+00:00,Kampus_Merdeka,liberalisasi sektor sehat asing bebas masuk serbu indonesia hebaat dunia perintah lindung rakyat sgla usaha negeri dalih ruu tolak dokter t medis mhswa rakyat mbudeg,-12,negative,negative
2023-07-13 14:39:35+00:00,kucingsalon,wkwk kesel sebel pingin misuh emosi ngumpul pokok pas liat ketawatawa habis ngesahin ruu sehat menteri ama wakilwakil rakyat kaga rakyat ketarketir ruu tolakruukesehatan,-2,negative,negative
2023-07-13 14:32:06+00:00,Newdento1,ye ye rs sapa coba ruukesehatan uukesehatan,1,positive,negative
2023-07-13 14:24:19+00:00,Asaatoe,ruu sehat sah muslim arbi dokter china banjir indonesia,6,positive,positive
2023-07-13 14:22:29+00:00,KangSarjono1,ruu sehat sah muslim arbi dokter china banjir indonesia,6,positive,positive
2023-07-13 14:19:25+00:00,haifainayah,call out bos komisi sehat komisi nyambung sila liat tulis cmu ruu kuhp kpk urus bos keras bos komisi ttp ngaruh,19,positive,positive
2023-07-13 14:18:51+00:00,WatchPms,tolak ruu sehat kartel obat mafioso kedok organisasi profesi abai penting rakyat lawan thailand lgbt,-8,negative,negative
2023-07-13 14:17:42+00:00,pe2nn,dokter umur hidup ruu sehat sim ngk,3,positive,positive
2023-07-13 14:15:19+00:00,suaranasional,ruu sehat sah muslim arbi dokter china banjir indonesia,6,positive,positive
2023-07-13 14:06:24+00:00,fuminded,komentar terombang ambing kesah ruu sehat,5,positive,positive
2023-07-13 13:59:58+00:00,bemunri,revitalisasi ubah informasi ruang dialektika implementasi ruu sehat layan cakap tenaga sehat solusi halo biru langit lengkap,2,positive,positive
2023-07-13 13:57:46+00:00,andri2099,nonton rossi mindset perintah susun ruu sehat susun ruu jasa arsitek the socalled lindung masyarakat mentality whilst the same time thinking that said professional class is the devil,11,positive,positive
2023-07-13 13:54:11+00:00,staysuture,sedih denger kesah ruu sehat hadehh,-3,negative,positive
2023-07-13 13:37:02+00:00,korantempo,halo baca dpr kesah ruu sehat tolak tenaga sehat tolak kesah ruu sehat korantempo,11,positive,positive
2023-07-13 13:33:11+00:00,mhd_arisashari,ngaco ruu sehat jadi prancis sah paris jamin bombardir ama nakes rakyat miskin sono sayang gerak persekusi milih diem finished country,-11,negative,negative
2023-07-13 13:17:49+00:00,BRKVision2023,profesor sehat protes buru sah ruu kesehatankok buru kejar blm terima suruh mk mk inkonstitusional syarat hadeuhrkyt nilai,-2,negative,negative
2023-07-13 13:14:27+00:00,ruliemaulana,anggota dewan pks demokrat tolak ruu sehat draft final kesah bagi masyarakat,-6,negative,negative
2023-07-13 13:05:19+00:00,ceovoc,bahas ruu sehat disahlan dpr gmn pandangannyatrus ruu ampas aset ku jung bahas dpr gmn opini bahas ukraina rusiachina usa,6,positive,positive
2023-07-13 13:04:13+00:00,LeAli25,ruu sehat pov badut ruukesehatan tolakruukesehatan,3,positive,positive
2023-07-13 12:57:22+00:00,hogsmaeds,hah ruu sehat rancu thats why lots of nakes tolak mentah mentah bikin layan sehat rakyat pinggir ys isi ruu arah industrialisasi layan sehat,-7,negative,negative
2023-07-13 12:56:18+00:00,aly_benzema,ruu sehat,3,positive,positive
2023-07-13 12:49:08+00:00,tuan59019,nutupin bts t rakyat sibuk jis ruu sehat,4,positive,positive
2023-07-13 12:47:46+00:00,soraaaaaaargh,sbnrnya brp orang ngomongin idol ngomongin ruu sehat sisi setor murojaah hafal wkwkwkwk,-3,negative,negative
2023-07-13 12:47:37+00:00,Kusanto8,kesah ruu sehat karpet merah jalur sutera sehat tiongkok,5,positive,positive
2023-07-13 12:38:50+00:00,inilahdotcom,massa tenaga sehat nakes gabung organisasi profesi idi ppni ibi iai pdgi ancam mogok kerja kait kesah ruu sehat menteri sehat budi gunadi sadikin respons demokrasi alam demokrasi,10,positive,positive
2023-07-13 12:30:11+00:00,mediamcmnews,dpr resmi sahkan ruu sehat undangundang,5,positive,positive
2023-07-13 12:29:53+00:00,cocor_bangor,kesah ruu sehat kali kecewa organisasi profesi organisasi idi pdgi ibi iai tolak keras kesah ruu sehat dpr,12,positive,positive
2023-07-13 12:29:49+00:00,cocor_bangor,tenaga sehat dieluelukan campa jagat twitter rame bahas kaesang thailand lgbt putus kamis tembak bot tarik bahas dampak buruk kesah ruu sehat,0,negative,negative
2023-07-13 12:20:21+00:00,RAKATIRTA,daini anggota dpr komisi latar dokter ato tenagakesehatan dukung ruukesehatan organisasiprofesi dokter tenagakesehatan forumgurubesar tolak ruu kes tsb fatalll,3,positive,positive
2023-07-13 12:17:55+00:00,zhukapatricia,ruu sehat rugi,-2,negative,negative
2023-07-13 12:15:32+00:00,anaknegri76,program bagus ganti alokasi sehat ruu pinokio,1,positive,positive
2023-07-13 12:13:26+00:00,Alandlaaa,ruu sehat disahin lawan selesai lur ngajuin judicial review jr biar atur ngawur dicancel tolakruukesehatan ruukesehatanyangmematikan,-4,negative,negative
2023-07-13 12:13:08+00:00,sukmawijaya91,bijak muas kesah ruu sehat rugi kelompok rs klinik smakin saing layan harga,2,positive,positive
2023-07-13 12:11:52+00:00,dwikiprazz,ahy alas tolak ruu sehat,-1,negative,negative
2023-07-13 12:10:05+00:00,dwikiprazz,demokrat tolak kesah ruu sehat mandatory spending liberalisasi tenaga medis poin berat regional,6,positive,positive
2023-07-13 12:08:36+00:00,cingciricing,ruu sehat rancang sah tibatiba bu ruu sehat dim april juli disahin piye bawah ruukesehatanyangmematikan,3,positive,positive
2023-07-13 12:04:13+00:00,leadwinaw,si bagus dr ruu sehat spt wajib usaha nanggung biaya obat karyawan wajib tenaga medis tangan situasi darurat medis pasien klu dibandingin baik bnyk jelek tolakruukesehatan,-8,negative,negative
2023-07-13 12:03:29+00:00,AHYB4NGK1T,ahy ruu sehat harap dokter nakes,3,positive,positive
2023-07-13 11:45:23+00:00,indrnurl,ruu sehat ketok mejik doa biar rakyat indonesia kaya nelangsa,-2,negative,negative
2023-07-13 11:43:17+00:00,rdmuhammade,bpjs gratis tentang ruu sehat,6,positive,positive
2023-07-13 11:40:11+00:00,RAKATIRTA,selamat kpd jawat dokter pokja kemkes dukung ruukesehatan idi forumgurubesar tolak ruu,5,positive,positive
2023-07-13 11:40:06+00:00,CISDI_ID,kurang hormat temanteman redaksi catch me up mincis bilang ruu sehat sah uu lengkap kap bolong salah satu minim partisipasi publik naskah resmi buka,-4,negative,negative
2023-07-13 11:37:25+00:00,EN538474N6,ruu sehat sahkan uu ellaahhh tebel bro males baca beliau baca,3,positive,positive
2023-07-13 11:32:03+00:00,iebntrac,si seleb cantik sebar bot sore putus begal ruu sehat sosmed ggmu mufc sports vcs,-8,negative,positive
2023-07-13 11:28:30+00:00,RickyFight,era sby resmi bpjs sehat bpjs ketenagakerjaan luncur program jamin sehat nasional jkn balik banding sah ruu sehat tuai polemik,6,positive,positive
2023-07-13 11:28:23+00:00,Lopian_,bahas investasi ruu ciptaker kemaren jgn ruukesehatan kitasemuabingung ruu sehat ruu investasi sehat ruukesehatanyangmematikan,8,positive,positive
2023-07-13 11:23:15+00:00,adhikrisnanta,bener ruu sehat untung rs swasta,7,positive,positive
2023-07-13 11:11:17+00:00,nic04722,teriak dukung rakyat ruu sehat batal,0,negative,negative
2023-07-13 10:49:44+00:00,BorneoSamoa,ruu sehat bagus otak nalar kaji warga indonesia obat negri sebrang,2,positive,positive
2023-07-13 10:25:55+00:00,hc_poirot,hadir anggota dpr sidang paripurna ruu sehat sah,-2,negative,negative
2023-07-13 10:24:47+00:00,Iamrizkie1,got it sir topik perihal ruu sehat bahas dalam,5,positive,positive
2023-07-13 10:21:27+00:00,ReformasiZ99316,ketok palu ruu sehat sah undangundang,3,positive,positive
2023-07-13 10:10:25+00:00,ubalalaba3,wkwk keraasss gratis banyak ngehalu banyak mimpi banyak omong kosong ruu sehat sah ngarep bpjs gratis,3,positive,positive
2023-07-13 10:03:52+00:00,Maudy_Apain,oalaaahpantesan geng belah tolak ruu kesehatanternyata ala bantu guysbiar cerah,-10,negative,negative
2023-07-13 10:01:16+00:00,dailysocial,urgensi dpr ri kesah ruu sehat pengaruh startup bas sehat indonesia simak lengkap,6,positive,positive
2023-07-13 10:00:24+00:00,gtobing2903,ruu sehat tenaga medis lalai tanggung terhdp pasien kena hukum pasal uu omnibuslaw sehat,-4,negative,negative
2023-07-13 09:56:38+00:00,TajukPolitik,ruu sehat resmi uu sehat idi sejarah kelam dunia medis,3,positive,positive
2023-07-13 09:55:22+00:00,QowamudinNM,dok rugi sah ruu sehat dok alas,6,positive,positive
2023-07-13 09:54:46+00:00,tiekakuro_chan,dok streamingnya bahas ruu sehat bahaya,4,positive,positive
2023-07-13 09:54:15+00:00,Elbert20905987,tuju ruu sehat sah,2,positive,positive
2023-07-13 09:52:09+00:00,PKSKotaBinjai,alas pks tolak kesah ruu sehat,1,positive,positive
2023-07-13 09:51:31+00:00,Venus19702,heran jelang putus bijak timbul tolak masif masyarakat spt naik bbm ruu ciptaker ruu sehat muncul surepay puas rakyat percaya gitu,0,negative,negative
2023-07-13 09:40:49+00:00,intip24news,sah ruu sehat uu kecewa guru tanggap kemenkes,9,positive,positive
2023-07-13 09:39:27+00:00,pe2nn,harap kemenkes gejala gratifikasi lolos ruu sehat oligharki,1,positive,positive
2023-07-13 09:32:34+00:00,tvr_parlemen,tvr pimpin dpr ri dpr ri sahkan ruu sehat uu sehat bahas komprehensif tengah dpr ri kesah rancang uu sehat uu tvrparlemen dprri tvr,15,positive,positive
2023-07-13 09:30:13+00:00,Ngabila,alhamdulillah sbg pns legalitas tulis dlm utama x undang resmi kemenkes ri proses hearing ruu maret jul kmrn masuk dlm tim pokja komunikasi risiko program sehat prioritas lurus niat tulus tnp pamrih toreh legacy nyata,10,positive,positive
2023-07-13 09:28:05+00:00,Catatan_ali7,auu auu pantesan gacor dukung ruu sehat fitnah fitnah orang rekan jawat fitnah roti incar sujud sukur kasi muda,-13,negative,negative
2023-07-13 09:20:50+00:00,AzamJavas,biadabyg kesah ruu sehat laknatullah,5,positive,positive
2023-07-13 09:09:25+00:00,veyex02,aneh ruu sehat ruu omni pro kontra cepat sah ruu ampas aset dukung masyarakat anti korupsi ko sah fraksi om jawab,-4,negative,negative
2023-07-13 09:07:45+00:00,ecsyukur,dpr sahkan ruu sehat uu,3,positive,positive
2023-07-13 09:03:31+00:00,Yom_N_Friends,pksamp pd tolak sah ruu sehat uu sehat brad,2,positive,positive
2023-07-13 08:45:00+00:00,democrazymedia,kesah ruu sehat karpet merah jalur sutera sehat tiongkok,5,positive,positive
2023-07-13 08:44:23+00:00,Lisaamartatara6,buzzer kemenkes dukung tolak ruu sehat komen view like akun mute block fyp dkk ts,-1,negative,negative
2023-07-13 08:27:59+00:00,sahabat_NengVia,demokrat pks tolak ruu sehat,-1,negative,negative
2023-07-13 08:18:46+00:00,TrioKw3kkw3k__,ruu sehat resmi uu ketua idi sejarah catat kelam dunia medis indonesia mogoknasionalturunkanjokowi mogoknasionalturunkanjokowi,0,negative,negative
2023-07-13 08:15:02+00:00,bemkmunand,alerta ruu sehat halo km unand tanggal juli sah ruu sehat dpr ri kesah laksana tolak masyarakat tenaga sehat milik dampak penuh hakhak tenaga sehat,11,positive,positive
2023-07-13 08:12:39+00:00,ajengcute16__,fraksi partai demokrat tolak kesah ruu sehat rizki natakusumah inti mitra masyarakat,3,positive,positive
2023-07-13 08:11:52+00:00,TrioKw3kkw3k__,kesah ruu sehat karpet merah jalur sutera sehat tiongkok mogoknasionalturunkanjokowi mogoknasionalturunkanjokowi,5,positive,positive
2023-07-13 08:10:03+00:00,ngobrolinapasih,googling ketik keyword koalisi masyarakat sipil ruu sehat lengkap pov praktisi hukum lsm,2,positive,negative
2023-07-13 08:05:59+00:00,chireng,nasdem tuju ruu sehat olak nasdem pilih capres nasdem,0,negative,positive
2023-07-13 07:53:05+00:00,TajukPolitik,fraksi partai demokrat tolak kesah ruu sehat rizki natakusumah inti mitra masyarakat,3,positive,positive
2023-07-13 07:43:58+00:00,akitaainos,percaya perintah niat masy kopid hubung ruu sehat loh lihat orang vokal perintah polos,4,positive,negative
2023-07-13 07:26:02+00:00,dokyong_,ruu obl sehat sah uu tugas awal depan konsisten tolak zaman idealisme batas percaya,-3,negative,negative
2023-07-13 07:24:47+00:00,StasiunHarmoni,kayak pesan mas curiga dikaburin kayak biar ruu sehat redam anyep,-13,negative,negative
2023-07-13 07:17:57+00:00,EdiSugihart0,ruu sehat dibisnisin mas bayang surat izin praktek umur hidup operasi dokter bedah asah skill bedah lihat saham siloam lejit kesah ruu sehat,7,positive,positive
2023-07-13 07:15:46+00:00,fajaronline,menko polhukam mahfud md respons kait gonjangganjing pasca kesah rancang undangundang ruu sehat barubaru dpr ri ruukesehatan,9,positive,positive
2023-07-13 07:13:26+00:00,detikHealth,detikers sah omnibus law ruu sehat uu sehat bawa dampak dunia sehat tanah air,2,positive,positive
2023-07-13 07:12:52+00:00,detikHealth,kurang impor alkesobat ruu sehat upaya mandiri alat sehat mandiri guna bahan baku produk negeri perintah buka jalur luas teliti kembang produksi obat negeri,-8,negative,negative
2023-07-13 07:12:51+00:00,detikHealth,dpr ri resmi kesah omnibus law ruu sehat uu sehat sidang paripurna dpr ri sidang v selasa menteri sehat ri rilis poin ubah pasca uu sehat sah a thread,18,positive,positive
2023-07-13 07:02:18+00:00,asumsico,adib susun undangundang sehat prosedural perhati aspirasi profesi sehat idi rilis resmi ruu sehat sah,14,positive,positive
2023-07-13 06:59:47+00:00,yogabudi34,ruu sehat isi pro kontra,0,negative,negative
2023-07-13 06:56:52+00:00,maulanarifki,pantesan semangat pro ruu sehat dpt kerja,6,positive,positive
2023-07-13 06:56:49+00:00,kuatbacacom,kuat note demo tolak ruu sehat uu sehat sah kuatnote kuatbaca uukesehatan,-2,negative,negative
2023-07-13 06:53:14+00:00,deychristt,ruu sehat sebenernya si soundingin lumayan kenceng loh bukti zoom publik hearing bln bln soundingkan kampus cont,-3,negative,negative
2023-07-13 06:27:23+00:00,herman__joseph,kesah ruu sehat tolak cisdi alas,1,positive,positive
2023-07-13 06:27:13+00:00,endartriwahyuni,kesah ruu sehat tolak cisdi alas,1,positive,positive
2023-07-13 06:27:01+00:00,mas__iko,kesah ruu sehat tolak cisdi alas,1,positive,positive
2023-07-13 06:05:59+00:00,setkabgoid,presiden harap ruu sehat reformasi layan sehat indonesia kabarkabinet,9,positive,positive
2023-07-13 06:03:03+00:00,opyy24208354,ruu sehat cuan konglomerat rakyat melarat,-1,negative,negative
2023-07-13 05:59:28+00:00,a_daud_ppnp,ruu sehat sah saham silo siloam hospital langsung,6,positive,positive
2023-07-13 05:59:18+00:00,a_daud_ppnp,ruu sehat uu dokter tifa makan menkes bankir sembah,1,positive,positive
2023-07-13 05:59:18+00:00,a_daud_ppnp,kesah ruu sehat karpet merah jalur sutera sehat tiongkok,5,positive,positive
2023-07-13 05:55:43+00:00,blackshark_7890,dr gregory budiman mbiomed ruu omnibus law sahkan uu sehat,7,positive,positive
2023-07-13 05:41:35+00:00,Jatayu_45,ruu sehat resmi uu ketua idi sejarah catat kelam dunia medis indonesia mogoknasionalturunkanjokowi mogoknasionalturunkanjokowi,0,negative,negative
2023-07-13 05:37:38+00:00,TG0981234,anies berani nongol bicara sepakat ruu sehat kembali pilih presiden ragu milih anies jgn anies sm pro cukong,1,positive,positive
2023-07-13 05:36:52+00:00,TG0981234,anies berani nongol bicara sepakat ruu sehat kembali pilih presiden ragu milih anies,1,positive,positive
2023-07-13 05:34:09+00:00,machtsvormingg,ributribut ruu sehat kemarin tiarap nyaring komentar bangun stadion,3,positive,positive
2023-07-13 05:31:06+00:00,inininit,kmaren nolak ruu sehat nolak keras baca full uu liat mostly bagus imo coba kasih pasal beratin nakes masyarakat,2,positive,positive
2023-07-13 05:28:07+00:00,dhiendaln,you have hands to write those words tgn u argumentasi kosong ilmu scroll replies tweets byk ruu sehat sila pilih sisi diri hadap allaah,-3,negative,negative
2023-07-13 05:15:01+00:00,AhmadAr34758311,klw dpr kesah ruu sehat,5,positive,positive
2023-07-13 05:03:52+00:00,MIntegritas,kesah ruu sehat uu tuai pro kontra kalang tenaga sehat lengkap salam integritas integritasonline uukesehatan lbhpi,10,positive,positive
2023-07-13 04:58:16+00:00,kanalhukumco,ruu sehat ruukesehatan kemenkes dpr,3,positive,positive
2023-07-13 04:55:13+00:00,MIntegritas,dewan wakil rakyat dpr ri resmi kesah rancang undangundang ruu sehat undangundang uu lengkap salam integritas integritasonline uukesehatan,3,positive,positive
2023-07-13 04:52:47+00:00,EksplisitO,tok dpr sahkan ruu tenaga sehat uu dpr uu ruukesehatan eksplisitkreatifmedia eksplisitofficial,6,positive,positive
2023-07-13 04:49:27+00:00,radarjabar_id,rapat paripurna dpr sidang v gelar selasa gedung dpr senayan jakarta dewan wakil rakyat dpr ri resmi kesah rancang undangundang ruu sehat undangundang,3,positive,positive
2023-07-13 04:45:17+00:00,maryami_arifin,hrsnya sah dengerin dl stake holder sehat ngapain buru kejar tayang urgensi ruu ampas harta koruptor hrsnya didulukan buta mata hati,-4,negative,negative
2023-07-13 04:45:21+00:00,JuhariJajang,sharre pdf ruu sehat sah,3,positive,positive
2023-07-13 04:46:12+00:00,Bl3ss3dSoul,kmrn komen ruu sehat ngaruh makes ngaruh pasien aneh bener lihat,8,positive,negative
2023-07-13 04:42:46+00:00,tempodotco,saham sektor rumah sakit farmasi lejit ruu sehat sah uu,1,positive,positive
2023-07-13 04:37:13+00:00,officialntv_,dpr sahkan ruu sehat undang undang newsupdate dpr ruukesehatan undangundang sehat parlemen nusantarapagi nusantaratv,7,positive,positive
2023-07-13 04:15:09+00:00,hukubun_john,pks nilai salah ruu sehat tuju dpr ruu uda,3,positive,positive
2023-07-13 04:33:03+00:00,a_raniaaa7,ngebuzzer ruu sehat tydac respek orang,3,positive,positive
2023-07-13 04:14:05+00:00,P3n99u94t,ruu sehat sahkan dpr uu berat rakyat tenaga sehat asing bayar mahal nasib rakyat mogoknasionalturunkanjokowi mogoknasionalturunkanjokowi,8,positive,positive
2023-07-13 04:07:52+00:00,musyaffa2013,gagas ganjar sehat tanggap beliau ruu sehat,11,positive,positive
2023-07-13 04:04:58+00:00,HumassRI,dpr resmi sahkan ruu sehat undangundang simak artikel,-1,negative,positive
2023-07-13 04:01:43+00:00,parlinburman84,sosok ilham tolak ruu sehat,-1,negative,negative
2023-07-13 04:00:29+00:00,rsafari77,smoga dampak kali keruksakan dokter dukung ruukesehatan,1,positive,positive
2023-07-13 03:59:48+00:00,BRKVision2023,profesor sehat protes buru sah ruu kesehatankok buru kejar blm terima suruh mk mk inconstitusi syarat hadeuh capek rkyt nilai,-2,negative,negative
2023-07-13 03:54:15+00:00,radarjabar_id,rancang undangundang ruu sehat resmi sah undangundang rapat paripurna dpr ri sidang v ruang paripurna ii dpr ri gedung nusantara ii dpr ri selasa juli,0,negative,negative
2023-07-13 03:44:28+00:00,SiAndi_,fraksi pan tuju ruu sehat andil kacau dunia sehat coba kritik partai al salahin pilih klaim bodoh cerdas,2,positive,positive
2023-07-13 03:42:17+00:00,magdaleneid,tok dpr kesah omnibus law ruu sehat uu juli kemarin ruu omnibus law uu sehat kes kebut bahas ahli bidang sehat kritik uu kini,14,positive,positive
2023-07-13 03:38:59+00:00,Spark_Marconi,apaapa bu juang pilih aleg tolak ruu sehat sah uu,-3,negative,negative
2023-07-13 03:35:57+00:00,Cuntressasl,lalai ruu sehat diresmiin prioritas warga rancu,-1,negative,negative
2023-07-13 03:33:49+00:00,BagusPrasasta,dpr resmi kesah ruu sehat undang undang presiden jokowi buka suara jokowi sambut kesah uu inipemerintahhebat indonesiamaju indonesia jokowi jokowipresidentkita nusantara ri fyp viral,20,positive,positive
2023-07-13 03:29:18+00:00,FiankaPutri,salah tuju sah ruu sehat presiden jokowi cepat penuh butuh dokter dokter spesialis uu sehat kaesang begal putus bot insidious kamis arhan muhaiminiskandar zayyanpulangkampung,-6,negative,negative
2023-07-13 03:28:12+00:00,UusRsd,bpjs gratis gratis kis waluya bpjs gratis enak orang kaya besar anggar sehat program kis waluya rata u warga prasejahtera kampanye bpjs gratis dukung perintah ruu sehat logika,32,positive,positive
2023-07-13 03:25:02+00:00,TeddGus,pandang demo uu sehat abai terap uu abai tuju ruu sehat sah uu demonstrasi wajar demonstrasi hak warga negara,-11,negative,negative
2023-07-13 03:23:50+00:00,Kilat_com,ketua dewan wakil rakyat dpr puan maharani sah uu sehat tenaga sehat nakes ruukesehatan ruukesehatanjahat kaesang,6,positive,positive
2023-07-13 03:22:46+00:00,posaktualcom,kesah ruu sehat karpet merah jalur sutera sehat tiongkok,5,positive,positive
2023-07-13 03:20:53+00:00,gaman_pradana,dpr resmi kesah ruu sehat undang undang presiden jokowi buka suara jokowi sambut kesah uu inipemerintahhebat indonesiamaju indonesia jokowi jokowipresidentkita nusantara ri fyp viral,20,positive,positive
2023-07-13 03:15:10+00:00,FPKSDPRRI,fraksi pks ruu sehat cakup baik sektor sehat fraksipksdprri pkspembelarakyat pksnomor,8,positive,positive
2023-07-13 03:15:00+00:00,Bisniscom,dpr sahkan ruu sehat simak besar iur bpjs baru artikel tayang judul dpr sahkan ruu sehat simak besar iur bpjs baru klik lengkap,6,positive,positive
2023-07-13 03:14:23+00:00,azalea3737,dpr resmi kesah ruu sehat undang undang presiden jokowi buka suara jokowi sambut kesah uu inipemerintahhebat indonesiamaju indonesia jokowi jokowipresidentkita nusantara ri fyp viral,20,positive,positive
2023-07-13 03:12:26+00:00,P3n99u94t,kabar buruk duka dunia sehat ruu sehat sah dpr undangundang mogoknasionalturunkanjokowi mogoknasionalturunkanjokowi,-2,negative,negative
2023-07-13 03:09:00+00:00,detikcom,umur hidup kemenkes ri laku pasca ruu sehat resmi sah uu telanjur urus,5,positive,positive
2023-07-13 03:08:44+00:00,detikHealth,umur hidup kemenkes ri laku pasca ruu sehat resmi sah uu telanjur urus,5,positive,positive
2023-07-13 03:08:02+00:00,MMargani5,hadir anggota dpr sidang paripurna ruu sehat sah rocky gerung official,-2,negative,negative
2023-07-13 03:06:44+00:00,RADARSOLO_,idi kesah ruu sehat sejarah kelam dunia medis tanah air cacat prosedural uukesehatan ruukesehatan medis cacatprosedural,-6,negative,positive
2023-07-13 03:04:19+00:00,kurni35250,pantes awat suruh demo tolak ruu sehat salah,-7,negative,negative
2023-07-13 03:03:59+00:00,G0P4NK_G0P4NG_7,selamat nikmat salah contoh dampak ruu sehat masyarakat sah uu sehat bawah menteri sehat berlatarbelakang bisnis,13,positive,positive
2023-07-13 03:02:41+00:00,antaranews,dpr ri kesah ruu sehat uu sehat sidang paripurna jakarta selasa poinpoin uu sehat laman infografik,10,positive,positive
2023-07-13 02:59:54+00:00,ibas_id14,fraksi partai demokrat tolak ruu sehat mas ibas tegas titik berat poin sumber ibasnews ruukesehatan,-2,negative,negative
2023-07-13 02:57:58+00:00,ibas_id14,demokrat tolak kesah ruu sehat ibas pandang materi tolak partai demokrat ruu kait silang dapat perintah idi ikat dokter indonesia profesi sektor sehat poin,-4,negative,negative
2023-07-13 02:53:52+00:00,Adysaurus,fokus ruu sehat ruu ite masalah maybe marah beneran manfaat masyarakat gitu lho,3,positive,negative
2023-07-13 02:49:34+00:00,nesiatimescom,tok ruu sehat resmi undangundang poin wajib nakes indonesia simak,3,positive,positive
2023-07-13 02:47:18+00:00,Eightinty,teh ruu sehat tetap udang balik bakwan,4,positive,positive
2023-07-13 02:34:02+00:00,larisjayamart_,tag halodoc bot alwi lgbt bandara kertajati ruu sehat bu mega makeup lee jihoon al azhar,1,positive,positive
2023-07-13 02:32:55+00:00,Concrete_buster,komennya capek ruu sehat obat negeri negeri mamam international hospital,-3,negative,negative
2023-07-13 02:32:50+00:00,Kangsil,dprpemerintah sepakat ruu sehat undangundang uukesehatan dpr newcastle united arhan nabilataqiyyah batalkankontrakkerjavale kaesang,7,positive,positive
2023-07-13 02:32:26+00:00,AfifDesiantoro,ruu sehat sah uu tegakkanhukum kpkri undangundang telkomsel awards mandiri esg battle jungkook kaesang uu sehat zayyanpulangkampung hilirisasimasadepanindonesia,3,positive,positive
2023-07-13 02:32:11+00:00,sin2023chan,motif korporasi ruu sehat cermin naik hrg saham korporasi gerak bidang sehat sah informasi privat uu ubah inf publik sah pegang inf dpt realisasi untung dr selisih harga,5,positive,positive
2023-07-13 02:30:54+00:00,AfifDesiantoro,ruu sehat sah menkes laku transformasi tegakkanhukum kpkri undangundang telkomsel awards mandiri esg battle jungkook kaesang uu sehat zayyanpulangkampung hilirisasimasadepanindonesia,3,positive,positive
2023-07-13 02:29:12+00:00,AgikMauripta,ruu sehat sah uu tegakkanhukum kpkri undangundang telkomsel awards mandiri esg battle jungkook kaesang uu sehat zayyanpulangkampung hilirisasimasadepanindonesia,3,positive,positive
2023-07-13 02:27:28+00:00,AgikMauripta,ruu sehat sah menkes laku transformasi tegakkanhukum kpkri undangundang telkomsel awards mandiri esg battle jungkook kaesang uu sehat zayyanpulangkampung hilirisasimasadepanindonesia,3,positive,positive
2023-07-13 02:26:57+00:00,Bangnazir1,perintah dpr sepakat ruu sehat tingkat sistem sehat nasional,7,positive,positive
2023-07-13 02:24:50+00:00,bambang046213,alas pks tolak kesah ruu sehat menolakruukesehatan fpksdprri pkspelayanrakyat,1,positive,positive
2023-07-13 02:23:55+00:00,qarawiyyin_,kelola sehat indonesia kapitalis liberal tambah sah ruu keshatan,6,positive,positive
2023-07-13 02:19:39+00:00,RisanMarine,ruu sehat sah menkes laku transformasi tegakkanhukum kpkri undangundang telkomsel awards mandiri esg battle jungkook kaesang uu sehat zayyanpulangkampung hilirisasimasadepanindonesia,3,positive,positive
2023-07-13 02:17:44+00:00,Jogibrt87,pandemi treaty jalan ruu omnibuslaw sehat lihat pihak,-2,negative,negative
2023-07-13 02:16:37+00:00,mascepp,ruu sehat,3,positive,positive
2023-07-13 02:16:04+00:00,iina_surbakti,ruu sehat awal bangun sistem sehat tangguh indonesia kecuali daerah pencil tinggal batas pulau,0,negative,positive
2023-07-13 02:14:15+00:00,EkoGunaw112358,alhamdulillah mudah mudah sah ruu sehat layan sehat masyarakat jelata sulit dokter dokter spesialis halang mafia darah biru,11,positive,positive
2023-07-13 02:13:23+00:00,mascepp,ruu sehat bahas bpjs,5,positive,positive
2023-07-13 02:13:17+00:00,Rfadlis1,pks tolak ruu sehat putus on the track,-3,negative,negative
2023-07-13 02:12:15+00:00,FathraNazrul,dahlan iskan lahir uu sehat kali rapat ruukesehatan,4,positive,positive
2023-07-13 02:10:40+00:00,smartizen_,ruu sehat sah kubu awan dokterdokter idi loncat pdsi,3,positive,positive
2023-07-13 02:02:56+00:00,TNuviza,ruu sehat omnibuslaw mufakat jahat kuasa oligarki heran dukung munafik,11,positive,positive
2023-07-13 01:58:20+00:00,KoranKaltimcom,tenaga sehat ancam mogok kerja nasional kait sah ruu sehat uu sehat,6,positive,positive
2023-07-13 01:55:23+00:00,ryandeui123,pilih partai dukung ruu sehat,5,positive,positive
2023-07-13 01:52:07+00:00,andrianfdl,alih isu mending up ruu sehat,1,positive,positive
2023-07-13 01:49:41+00:00,d3d1ms,isi ruu sehat bu,0,negative,negative
2023-07-13 01:45:36+00:00,Sahat92207331,ruu sehat merdeka,3,positive,positive
2023-07-13 01:42:33+00:00,Mudiiinn,baca ruu sehat baru ayat darurat nakes tolak pasien darurat pidana poin alas lgi nolak pasien,-7,negative,negative
2023-07-13 01:40:44+00:00,Ryogartshop1,what mahal ada obatobatan tentu dr ap riskan monopoli tuju stju ruu baca ko orientasi profesi individu ketimbang mslh sehat masyrakat,9,positive,positive
2023-07-13 01:40:19+00:00,pekaesrawabunga,ruu sehat,3,positive,positive
2023-07-13 01:40:09+00:00,Dejavu___dee,orang cerdas wajib boikot partai oligarki syah ruu sehat pdip golkar pan gerindra nasdem pkb ppp tolak pks demokrat,-3,negative,negative
2023-07-13 01:39:36+00:00,KangSarjono1,ruu sehat sah jokowi abai petisi guru lintas profesi,3,positive,positive
2023-07-13 01:38:44+00:00,KangSarjono1,nasdem tuju ruu sehat ubah djem hebhe,2,positive,positive
2023-07-13 01:38:07+00:00,ibam_way,hahaha pks demokrat tolak brati ruu sehat jalan sesimple si mindset,-1,negative,negative
2023-07-13 01:33:27+00:00,kabargolkarnews,ruu sehat resmi sah lodewijk indonesia tangan sehat golkar kabargolkar golkarindonesia indonesiagolkar golkarsolid golkarmenang golkarmenang airlanggahartarto,9,positive,positive
2023-07-13 01:32:41+00:00,suaranasional,ruu sehat sah jokowi abai petisi guru lintas profesi,3,positive,positive
2023-07-13 01:31:56+00:00,agungpharm,chart rabu chart selasa bahas kesah ruu sehat bullish impulsif luar naik wajar emiten bei liat naik year to datenya,11,positive,positive
2023-07-13 01:29:44+00:00,Spark_Marconi,dukung mrk tolak ruu sehat duduk senayan aleg dukung ruu sehat jgn pilih tahu mrk wakil senayan,8,positive,positive
2023-07-13 01:28:52+00:00,sisinewsdotco,pasal kontroversial ruu sehat sah uu,-1,negative,negative
2023-07-13 01:27:36+00:00,konde_co,tutup proses susun ruu sehat tanda absen informasi publik naskah final rancang sah undangundang protes aktivis ruukesehatan uukesehatan,-6,negative,negative
2023-07-13 01:22:42+00:00,Michojo2,lihat sosialisasi bkl kyk ruu sehat wowkan emejing pikir heleh,5,positive,positive
2023-07-13 01:19:37+00:00,sulist_cr3w__,orang cerdas wajib boikot partai oligarki syah ruu sehat pdip golkar pan gerindra nasdem pkb ppp tolak pks demokrat,-3,negative,negative
2023-07-13 01:09:08+00:00,bimaprimidiza,ruu sehat kali tuju bpjs sehat guna,6,positive,positive
2023-07-13 01:06:56+00:00,AndyWinanto_AW,nuduh ria hoax temu debat beda isi ruu uu sehat temu titik temu,0,negative,negative
2023-07-13 01:06:15+00:00,Sagita81774027,selamat sah ruu sehat organisasi monopoli super body tolak pasien jelata penting untung moga penuh butuh dokter spesialis seluruh daerah abai orang,4,positive,positive
2023-07-13 01:01:37+00:00,0xNgebetbigwin,hai sponsor moga sllu sehat rezeki lancar aamiin,16,positive,positive
2023-07-13 00:56:32+00:00,NunuNurmiswari,rumah sakit paru harotinsulu dukung ruu sehat,5,positive,positive
2023-07-13 00:54:41+00:00,kompasiana,dampak virus antraks jatuh gunungkidul sama ruu sehat ketok uu sehat korelasi simak artikel,-2,negative,negative
2023-07-13 00:56:15+00:00,SateTong,keren keren dukung capres partai dukung ruu sehat,11,positive,positive
2023-07-13 00:51:56+00:00,ketoparaksolo,al azhar whatsapp bandara kertajati private party lgbt ruu sehat kemiri,3,positive,positive
2023-07-13 00:48:21+00:00,AliHasymi17,ruu sehat sah uu lindung rakyat dokter tolol kayak,-1,negative,positive
2023-07-13 00:39:54+00:00,AikHoki,banyak cuap ntar utang terealisasiya utang duit utang janji bajerp ruu sehat ruukesehatan omnibuslaw,-9,negative,negative
2023-07-13 00:46:14+00:00,Andriamuis,ruu kesehatansaya paham banyak dokter ringan biaya kuliah dokter dokter asing masuk duduk dewan rakyat wakil rakyat wakil rakyat wakil usaha hitung usaha duduk,-11,negative,negative
2023-07-13 00:36:02+00:00,ngurahsaka,brrti ruu sehat,3,positive,positive
2023-07-13 00:35:12+00:00,stockmapping,buset momentum pas ruu sehat sah,9,positive,positive
2023-07-13 00:34:19+00:00,CISDI_ID,naskah resmi ruu mincis pegang versi maret kuat layan sehat dasar alias phc serius semangat surveilance kuat kader sehat phc,2,positive,positive
2023-07-13 00:31:44+00:00,CISDI_ID,mincis inget isu skip bahas ruukesehatan sah undangundang kuat layan sehat primer primary health carephc phc uu,-1,negative,negative
2023-07-13 00:27:16+00:00,Istiqom99644171,ruu sehat by omnibus law sorot psi nawaitu gratisin bpjs bener mesti koar koit biar sah ruu sehat,-2,negative,negative
2023-07-13 00:04:20+00:00,KompasData,tunda bulan ruu sehat sah undang undang sayang upaya atas kontroversi tajukrencana adadikompas,-5,negative,negative
2023-07-13 00:00:00+00:00,liputan6dotcom,beda dapat anggap wajar ruu sehat uu poinpoin,-1,negative,negative
2023-07-12 23:59:19+00:00,Mantanmontir22,bang edi alam ngurusin alm pakai bpjs nakesnya jutek dukung tolak ruu sehat hati alam,2,positive,positive
2023-07-12 23:58:25+00:00,hariankompas,tunda bulan ruu sehat sah undang undang sayang upaya atas kontroversi tajukrencana adadikompas,-5,negative,negative
2023-07-12 23:30:02+00:00,KontanNews,idi kesah ruu sehat catat kelam gugat mk legislasi,1,positive,positive
2023-07-12 23:46:32+00:00,JokoInd21225144,penting ruu sehat iku to dewan laku sehat koorporasi,2,positive,positive
2023-07-12 23:47:46+00:00,Chelktbffh,ijin denkalo pilih presiden ruu bkal revisi kt nagakerjaan sehat kpk coba kasih kisi,3,positive,positive
2023-07-12 23:28:19+00:00,txtbarbar,tok ketok ketok ketok anak ayam ketok tok ketok ketok ketok dewan ketok tolakruukesehatan ruukesehatanjahat wakil rakyat ehwakil partai pro ruu sehat,-3,negative,negative
2023-07-12 23:23:00+00:00,inpantaufar,terima kasih juang tolak ruukesehatan harga pilih cawapres wakil rakyatmaaf,0,negative,negative
2023-07-12 23:10:51+00:00,Yahyanovita1,baca motivasi kontra ruu sehat titip pks gangs rs internasional diri depok ruu sehat sahkan pajak masuk kas pemda depok surat surat perijinannya atur kader pks depok basis pks,1,positive,positive
2023-07-12 23:19:39+00:00,SateTong,capresnya dr partai dukung ruu sehat,7,positive,positive
2023-07-12 23:04:09+00:00,Kalisat3,kesah ruu sehat wahyudi almaroky demokrasi omong kosong demokrasi omong kosong mulut demokrasi laku otoriter bincang adab ruu sehat tolak rakyat sah bukti demokrasi mati,-12,negative,negative
2023-07-12 22:58:00+00:00,BRKVision2023,hapus mandatory spending tega profesor sehat protes buru sah ruu kesehatankok buru kejar blm terima suruh mknanti mk inconstitusi syarat hadeuh capek rkyt nilai,-10,negative,negative
2023-07-12 22:52:50+00:00,putrasultan881,orang tolol idup hasil ngebuzermoga keluarga orang rasain akibat ruu kesehatanaamiin,-6,negative,negative
2023-07-12 22:51:42+00:00,NanikRahma68652,orang cerdas wajib boikot partai oligarki syah ruu sehat pdip golkar pan gerindra nasdem pkb ppp tolak pks demokrat,-3,negative,negative
2023-07-12 22:48:26+00:00,HendZiddane,harap maklum teknokrat sehat andai bahas ruu libat masyarakatkampusnakes mnyeluruh tuntas kayak polemiksampai guru sepuh turutprotesitu mnandakan ruu msh mentah,8,positive,positive
2023-07-12 22:46:44+00:00,KyaiAhy,dokter dokter kadrun tolak ruu sehat simpatisan agen partai kontol sapi,-9,negative,negative
2023-07-12 22:44:28+00:00,Istiqom99644171,selamat dukung ruu sehat,12,positive,positive
2023-07-12 22:30:35+00:00,BRKVision2023,mmg layak ruu sehat buru undang terlnjur undang prof mhn pencerahanya ttg jgn diam akherat allah ilmu,10,positive,positive
2023-07-12 22:06:36+00:00,Fadlipenyair,bas rakyat pribumi jajah belandajepang dn negara lainskrang jajah halusruu kesehatanudah prilaku suka nyuap dn nyogok kpd oknum jabat dn oknum aparatapalgi korupsikabur negeridasar biang kerok,-14,negative,negative
2023-07-12 21:48:48+00:00,Fadlipenyair,bangun rmh sakit taraf internasional alas obat negeri sperti singapuramakanya getol ruu sehat jdkan uu banyak nakes dn masyarakatujungnya pr cukongtaipam milik saham diuntungkaninilah contoh kongkret pnjajahan scara halus,-4,negative,negative
2023-07-12 21:34:55+00:00,Golkar_News,rapat paripurna dpr ri kesah omnibus law rancang undangundang ruu sehat undangundang uu partaigolkar airlanggahartarto golkarpedia kuningkeren emanuelmelkiadeslakalena sayapilihgolkar,4,positive,positive
2023-07-12 21:31:17+00:00,SalamSantun_,beliau beliau tolak ruu sehat partai rakyat wakil rakyat,-1,negative,negative
2023-07-12 21:08:52+00:00,Afflictionist,yes ruu sehat sah uu sehat trs idi pdgi organisasi wadah tunggal a way to go,12,positive,positive
2023-07-12 21:00:29+00:00,Citrateee007,ruu sehat sah abis ngapain,2,positive,positive
2023-07-12 20:52:20+00:00,dzearifin,partai tolak ruu sehat pks partaidemokrat duka cita sekian kali,-2,negative,negative
2023-07-12 20:42:39+00:00,Dongkol_lurah,layan sehat banding dlmsyrkt rasa itumeski hrs antri baik dpnnyautk peran perintah tepatmengajukan ruu sehat dpr dpr baik sblm pengesahankl phk kecewa wajar,6,positive,positive
2023-07-12 20:38:45+00:00,21_mozza,aamiin wajib sweeping akar karna petaka negri asal hewan moncong putih baru bijak tumbal rakyat ruukesehatan,-13,negative,negative
2023-07-12 20:34:38+00:00,imediacyber,tolak ruu sehat pks sesal perintah dengar aspirasi nakes,-2,negative,negative
2023-07-12 20:33:01+00:00,imediacyber,mandatory spending hapus pks konsisten tolak kesah ruu sehat,-2,negative,negative
2023-07-12 20:13:34+00:00,AryaZulvikar,ruu sehat masuk akal umur hidup ktp panjang ijin praktek dokter asing wajar masuk org indo g obat malaysiaamp singapura,-9,negative,negative
2023-07-12 20:00:05+00:00,DreamersRadioID,poin tolak nakes ancam mogok kait ruu sehat resmi uu,-5,negative,negative
